All,Barcha
None,Yo'q
"Allowed Scopes","Ruxsat berilgan qismlar"
"You need more permissions to apply some of the rule updates.","Ayrim siyosat yangilanishlarini qo'llash uchun sizga ko'proq ruxsatnomalar kerak."
"You need more permissions to access website ""%1"".","""%1"" veb-saytiga kirish uchun ko'proq ruxsatnomalar kerak."
"Role Scopes","Rollarni o'rni"
Custom,Boshqa
"Read Details","Batafsil ma'lumot"
"Mark as Read","O'qilgan deb belgilash"
"Are you sure?","Ishonchingiz komilmi?"
Remove,O'chirish
"Messages Inbox","Kirish xabarlari qutisi"
"You have %1 new system messages","Sizda %1 ta yangi tizim xabarlari mavjud"
"You have %1 new system message","Sizda %1 ta yangi tizim xabarlari mavjud"
"Incoming Message","Kiruvchi xabar"
close,yopish
Notifications,Bildirishnomalar
"The message has been marked as Read.","Xabar o'qilgan deb belgilandi."
"We couldn't mark the notification as Read because of an error.","Bildirishnomani xatolik tufayli o'qib bo'lmadi."
"Please select messages.","Xabarlarni tanlang."
"A total of %1 record(s) have been marked as Read.","Jami %1 yozuv(lar) o'qilgan deb belgilandi."
"Total of %1 record(s) have been removed.","Jami %1 yozuv(lar) olib tashlandi."
"We couldn't remove the messages because of an error.","Xatolar tufayli xabarlarni olib tashlab bo'lmadi."
"The message has been removed.","Xabar o'chirildi."
"You have viewed and resolved all recent system notices. Please refresh the web page to clear the notice alert.","Siz so'nggi tizim xabarlarini ko'rib chiqdingiz va hal qildingiz. Iltimos bildirishnomani o'chirish uchun veb-sahifani yangilang."
"1 Hour","1 Soat"
"2 Hours","2 Soat"
"6 Hours","6 Soat"
"12 Hours","12 Soat"
"24 Hours","24 Soat"
critical,"juda muhim"
major,katta
minor,kichik
notice,ogohlantirish
"Wrong message type","Noto'g'ri xabar turi"
"Wrong notification ID specified.","Noto'g'ri bildirishnoma identifikatori ko'rsatildi."
"{{base_url}} is not recommended to use in a production environment to declare the Base Unsecure URL / Base Secure URL. We highly recommend changing this value in your Magento <a href=""%1"">configuration</a>.","{{base_url}} - ishlab chiqarish muhitida foydalanishga tavsiya etilmaydi. Ushbu qiymatni Magento <a href=""%1"">configuration</a> da o'zgartirishni tavsiya etamiz."
"One or more of the Cache Types are invalidated: %1. ","Bir yoki bir nechta kesh turlari bekor qilindi: %1. "
"Please go to <a href=""%1"">Cache Management</a> and refresh cache types.","Iltimos, <a href=""%1""> keshni boshqarish </a> ga o'ting va kesh turlarini yangilang."
"We were unable to synchronize one or more media files. Please refer to the log file for details.","Bir yoki bir nechta media fayllarni sinxronlash imkoniga ega emasmiz. Ma'lumotlar uchun jurnal fayliga murojaat qiling."
"Synchronization of media storages has been completed.","Ombor omborlarini sinxronlash tugallandi."
"Your web server is set up incorrectly and allows unauthorized access to sensitive files. Please contact your hosting provider.","Veb-serveringiz noto'g'ri konfiguratsiya qilingan va maxfiy fayllarga ruxsatsiz kirishga ruxsat beradi. Xost provayderingizga murojaat qiling."
"System Messages:","Tizim xabarlari:"
"Critical System Messages","Muhim tizim xabarlari"
"Major System Messages","Asosiy tizim xabarlari"
"System messages","Tizim xabarlari"
Close,Yoping
"See All (","Hammaga qarang ("
" unread)"," o'qilmagan)"
"Show Toolbar","Asboblar panelini ko'rsatish"
"Show List","Ro'yxatni ko'rsatish"
"Use HTTPS to Get Feed","Ovqatni olish uchun HTTPS-dan foydalaning"
"Update Frequency","Chastotani yangilash"
"Last Update","Oxirgi yangilash"
Severity,Zo'ravonlik
"Date Added","Sana qo'shildi"
Message,Xabar
Actions,Amallar
"Manage Shopping Cart","Savatchani boshqarish"
"Create Order","Buyurtma yarating"
Back,Orqaga
"Add Products","Mahsulot qo'shish"
"Update Items and Quantities","Mahsulotlar va miqdorlarni yangilash"
"Are you sure you want to clear your cart?","Chindan ham savatni tozalashni xohlaysizmi?"
"Clear my shopping cart","Savatchani tozalash"
"Add selections to my cart","Savatchaga tanlangan qo'shish"
Cancel,"Bekor qilish"
"Shopping Cart for %1 in %2","Savatcha %1 va %2 uchun"
"Select products you want to buy","Sotib olmoqchi bo'lgan mahsulotlarni tanlang"
Product,Mahsulot
Price,Narx
Quantity,Miqdor
"Products in the Comparison List (%1)","Taqqoslash ro'yxatidagi ma'lumotlar (%1)"
"Last ordered items (%1)","So'nggi paytdagi buyurtmalar (%1)"
Products,Mahsulotlar
"Recently Compared Products (%1)","So'nggi taqqoslangan mahsulotlar (%1)"
"Recently Viewed Products (%1)","So'nggi ko'rilgan mahsulotlar (%1)"
"Add to Shopping Cart by SKU","Savatchaga qo'shish"
"Add to Shopping Cart","Savatchaga qo'shish"
"Wish List (%1)","Tanlanganlar ro'yxati (%1)"
Apply,Tasdiqlash
Configure,Konfiguratsiya
"Add to Order by SKU","SKU tartibida buyurtma qo'shish"
"Add to Order","Buyurtma qo'shish"
"Add Products to Order","Buyurtma bo'yicha mahsulot qo'shish"
"<span><span id=""sku-attention-num"">%1</span> product(s) require attention.</span>","<span><span id=""sku-attention-num"">%1</span> mahsulot (lar) e'tiborni talab qiladi.</span>"
"Remove All","Barchasini o'chirish"
"Only %1%2%3 left in stock","Aksiya bo'yicha faqat %1%2%3 qolgan"
"You can buy up to %1 of these per purchase.","Har bir xaritda %1 gacha xarid qilishingiz mumkin."
"You must buy at least %1 of these per purchase.","Har xarid uchun kamida %1 sotib olishingiz kerak."
"Specify the product's options.","Mahsulot turlarini belgilang."
"Alert me when this item is available.","Mahsulot mavjud bo'lganda menga xabar qiling."
"Shopping cart management is disabled for this customer.","Ushbu mijoz uchun savatchani boshqarish o'chirib qo'yilgan."
Customers,Xaridorlar
"Shopping Cart",Savatcha
"You do not have access to this.","Bunga sizda ruxsat yo'q."
"An error has occurred. See error log for details.","Xatolik yuz berdi. Tafsilotlar uchun xatolar jurnaliga qarang."
"You cannot configure a product.","Siz mahsulotni sozlay olmaysiz."
"You removed the items.","Siz narsalarni o'chirib tashladingiz."
"You removed the item.","Siz narsalarni o'chirib tashladingiz."
"You added %1 to your shopping cart.","%1 ta mahsulot savatchaga qo'shildi."
"You cannot add a product.","Siz mahsulotni qo'sha olmaysiz."
"Order by SKU","SKU bo'yicha buyurtma"
"The SKU was not found in the catalog.","SKU katalogda topilmadi."
"Availability: Out of stock.","Mavjudligi: Sotib bo'lingan."
"You need to choose options for your item.","Siz elementni tanlashingiz kerak."
"Please enter an actual number in the ""Qty"" field.","Iltimos, ""Miqdor"" maydoniga haqiqiy raqamni kiriting."
"This product is assigned to another website.","Ushbu mahsulot boshqa veb-saytga beriladi."
"You can add only enabled products.","Faqatgina mavjud mahsulotlarni qo'shishingiz mumkin."
"You cannot upload this file.","Ushbu faylni yuklay olmaysiz."
"The file is empty.","Fayl bo'sh."
"You have not entered a product SKU. Please <a href=""%1"">click here</a> to add product(s) by SKU.","SKU mahsulotiga kirmadingiz. Mahsulot (lar) ni SKU-ga qo'shish uchun <a href=""%1""> bu yerni bosing </a>."
"You have not entered a product SKU.","Siz mahsulot raqamini ko'rsatmadingiz."
"We can't add a product to cart by id ""%1"".","""%1"" ID bo'yicha mahsulotni savat qo'shishning iloji yo'q."
"Something went wrong while reordering this product.","Ushbu mahsulotni qayta belgilashda xatolik yuz berdi."
"You added %1 product to your shopping cart.","%1 mahsulotni savatchaga qo'shdingiz."
"You added %1 products to your shopping cart.","Siz savatchangizga %1 mahsulot qo'shdingiz."
"%1 product requires your attention.","%1 mahsulotga e'tibor qaratishingizni so'raymiz."
"%1 products require your attention.","%1 mahsulotlarga e'tibor qaratishingizni so'raymiz."
"Yes, for Specified Customer Groups","Ha, belgilanganlar mijoz guruhlari uchun"
"Yes, for Everyone","Ha, hamma uchun"
No,Yo'q
"Please upload the file in .csv format.","Faylni .csv formatida yuklab qo'ying."
"%1 item(s) need your attention.","%1 ta mahsulot(lar) ga e'tibor qaratishingiz talab qiladi."
"Apply Coupon Code","Kupon kodini qo'llash"
"Remove Coupon Code","Kupon kodini o'chirish"
"The coupon code ""%1"" is not valid.","""%1"" kupon kodi haqiqiy emas."
"Shopping Cart Items","Mahsulotlar savatchasi"
Qty,Soni
Subtotal,"Jami summ"
Discount,Chegirma
"Row Subtotal","Umumiy satrlar"
Action,Harakat
"No ordered items","Buyurtmalar mavjud emas"
"Total %1 product(s)","Jami %1 mahsulot (lar)"
Subtotal:,"Qidiruv summasi:"
"Please select","Iltimos tanlang"
"Move to Wish List","Tanlanganlar ro'yxatiga qo'shish"
"No item specified.","Hech narsa ko'rsatilmagan."
"Are you sure you want to remove this item?","Ushbu narsani o'chirishni xohlaysizmi?"
"SKU number","SKU raqami"
"Upload File","Faylni yuklash"
"Your csv file must include ""sku"" and ""qty"" columns.","Sizning CSV faylida ""sku"" va ""qty"" ustunlari bo'lishi kerak."
Reset,"Qayta o'rnatish"
"Only <span id=""%1_max_allowed"">%2</span> in stock","Omborda faqat <span id=""%1_max_allowed"">%2</span>"
Item,Buyum
"See price before order confirmation.","Buyurtmani tasdiqlashdan oldin narxni tekshiring."
"What's this?","Bu nima?"
"Incl. Tax","Soliqlar bilan"
"Excl. Tax",Soliqlarsiz
"Edit item parameters","Elementni parametrlarini tahrirlash"
Edit,Tahrirlash
"Remove item","Elementni o'chirish"
"Products Requiring Attention","E'tibor talab qiladigan mahsulotlar"
"Add to Cart","Savatchaga qo'shish"
Sku,"Mahsulot kodi"
File,Fayl
"File extensions allowed: .csv",".csv kengaytmali fayllarga ruxsat beriladi"
"Add Row","Qator qo'shish"
"Remove Row","Qatorni o'chirish"
"Add Products By SKU","Mahsulotlarni SKUga qo'shish"
"Shopping Cart Management","Savatchani boshqarish"
"View Shopping Cart","Savatchani ko'rish"
"View and modify Shopping Cart","Savatchadagi o'zgartirishlarni ko'rish"
"Order by SKU Settings","SKU sozlamalari asosida tartiblash"
"Enable Order by SKU on My Account in Storefront","Profilimda SKU tartibini yoqish"
"Customer Groups","Xaridor guruhlari"
"Apply Coupon","Kuponni qo'llash"
"Order by SKU Description","SKU ni sharhlar bo'yicha tartiblash"
"Display a Link to Loading a Spreadsheet","Elektron jadvalni yuklab olish uchun URL ni ko'rsatish"
"Defines whether a link to My Account &gt; Order by SKU page will be displayed on the widget","Hisobimda &gt; Buyurtma bo'yicha SKU sahifasi vidjetda ko'rsatiladi"
"Link Text","Matnni bog'lang"
"The text of the link to the My Account &gt; Order by SKU page","Matnni hisobimga bog'lash &gt; Sahifalarni SKU bo'yicha tartiblash"
"Load a list of SKUs","SKU ro'yxatini yuklab olish"
"Order by SKU Template","SKU shablonlari bo'yicha tartiblash"
"Please correct the data sent.","Iltimos, yuborilgan ma'lumotlarni to'g'rilang."
"Entity type model must be an instance of \Magento\CatalogImportExport\Model\Export\Product\Type\AbstractType","Ob'ekt turi namunasi bo'lishi kerak \Magento\CatalogImportExport\Model\Export\Product\Type\AbstractType"
"There are no product types available for export","Eksport uchun mavjud mahsulot turlari yo'q"
"%1 class doesn't implement \Magento\AdvancedRule\Model\Condition\FilterTextGeneratorInterface","%1 sinfni bajarib bo'lmaydi \Magento\AdvancedRule\Model\Condition\FilterTextGeneratorInterface"
"Sales Rule","Sotish shartlari"
"Index sales rule","Savdo qoidalari indeksi"
"Related Search Terms","Tegishli qidirish shartlari"
"Add New Search Term","Yangi qidiruv so'zini qo'shing"
"Missing search engine parameter.","Qidiruv mexanizmi parametri yo'q."
"Successful! Test again?","Muvaffaqiyatli! Yana tekshirib ko'ring?"
"Connection failed! Test again?","Ulanish xatoligi! Yana tekshirib ko'ring?"
"Enable Search Recommendations","Qidiruv takliflarini yoqish"
"When you enable this option your site may slow down.","Ushbu sozlamani yoqib qo'yish saytingizni sekinlashtirishi mumkin."
"Search Recommendations Count","Qidiruv takliflari soni"
"Show Results Count for Each Recommendation","Har bir tavsiya uchun natijalar sonini ko'rsating"
"Enable Search Suggestions","Qidiruv takliflarini yoqing"
"Search Suggestions Count","Qidiruv takliflari soni"
"Show Results Count for Each Suggestion","Har bir taklif uchun natijalarni ko'rsatish"
"Related search terms","Tegishli qidorosh shartlari"
"Did you mean","Siz buni nazarda tutdingizmi"
"Search Query","Qidiruv so'rovi"
Store,Do'kon
Results,Natijalar
Uses,Foydalanish
"Redirect URL","URL yo'naltirish"
"Suggested Term","Tavsiya etilgan muddat"
Yes,Ha
"RPC call failed, connection timed out after %time_out.","RPC qo'ng'iroqlari muvaffaqiyatsiz tugadi, %time_out vaqtidan keyin ulanish vaqti tugadi."
"Message has been rejected: %1","Xabar rad etildi: %1"
"Error while checking if topic is synchronous","Mavzu sinxronlashtirilganligini tekshirishda xato"
"Subscription status","Obuna holati"
"Sorry, there has been an error processing your request. Please try again later.","Kechirasiz, so'rovingizni bajarishda xatolik yuz berdi. Keyinroq qayta urinib ko'ring."
"Cron settings can't be saved","Cron sozlamalarini saqlab bo'lmaydi"
"There was an error save new configuration value.","Yangi konfiguratsiya qiymatini saqlab bo'lmadi."
"--Please Select--","--Iltimos tanlang--"
"These arguments can't be empty ""%1""","Ushbu dalillar ""%1"" bo'sh bo'lishi mumkin emas"
"Cannot find predefined integration user!","Oldindan belgilangan integratsiya foydalanuvchi topa olmaydi!"
"File is not ready yet.","Fayl hali tayyor emas."
"Your Base URL has been changed and your reports are being updated. Advanced Reporting will be available once this change has been processed. Please try again later.","Sizning taglavhangiz o'zgartirildi va sizning hisobotingiz yangilandi. Ushbu o'zgarish qayta ishlanganidan so'ng Kengaytirilgan hisobotlar mavjud bo'ladi. Iltimos keyinroq qayta urinib ko'ring."
"Failed to synchronize data to the Magento Business Intelligence service. ","Ma'lumotni Magento Business Intelligence xizmati bilan sinxronlashtirish mumkin bo'lmadi. "
TestMessage,"Sinov xabari"
"Apps and Games","Ilovalar va o'yinlar"
"Athletic/Sporting Goods","Sport tovarlari"
"Art and Design","San'at va Dizayn"
"Advanced Reporting","Kengaytirilgan hisobot"
"Gain new insights and take command of your business' performance, using our dynamic product, order, and customer reports tailored to your customer data.","Mahsulotlar, buyurtmalar va mijozlar haqidagi dinamik hisobotlardan foydalanib, yangi g'oyalarni oling va ish samaradorligini tekshiring."
"Go to Advanced Reporting","Kengaytirilgan hisobotga o'ting"
Analytics,Tahlillar
Configuration,Konfiguratsiya
"Business Intelligence","Biznes tahlili"
"BI Essentials","BI asoslari"
"Advanced Reporting Service","Kengaytirilgan Yozuvlar Xizmati"
"Time of day to send data","Ma'lumot yuborish vaqti"
Industry,Sanoat
"In order to personalize your Advanced Reporting experience, please select your industry.","Tajribangizni rivojlangan hisobot bilan shaxsiylashtirish uchun sizning sanoatni tanlang."
"<strong>Get more insights from Magento Business Intelligence</strong>","<strong>Magento Business Intelligence haqida ko'proq bilish</strong>"
"Auto Parts","Avtomatik ehtiyot qismlar"
"Baby/Children’s Apparel, Gear and Toys","Bolalar kiyimlari, bolalar kiyimlari va o'yinchoqlar"
"Beauty and Cosmetics","Go'zallik va kosmetika"
"Books, Music and Magazines","Kitob, musiqa va jurnallar"
"Crafts and Stationery","Qo'l san'atlari va ish yuritish"
"Consumer Electronics","Tijorat Elektronika"
"Deal Site","Eng afzali"
"Fashion Apparel and Accessories","Moda liboslari va aksessuarlari"
"Food, Beverage and Grocery","Oziq-ovqat, ichimliklar va oziq-ovqat mahsulotlari"
"Home Goods and Furniture","Uy-ro'zg'or va Mebel"
"Home Improvement","Uyni takomillashtirish"
"Jewelry and Watches","Zargarlik va soatlar"
"Mass Merchant","Ommaviy savdogar"
"Office Supplies","Ofis jihozlari"
"Outdoor and Camping Gear","Xobbi, dam olish sport"
"Pet Goods","Uy hayvonlari"
"Pharma and Medical Devices","Dori va tibbiy asboblar"
"Technology B2B","Texnologiya B2B"
Done,Bajarildi
Retry,"Qayta urinib ko'ring"
"'Action Details - #' .","'Aksiyaning tafsilotlari - #'."
"%1 item(s) have been scheduled for update.""","Yangilash uchun rejalashtirilgan ob'ektlar soni: %1."""
"Bulk Actions Log","Ommaviy tadbirlar jurnali"
"%1 item(s) are currently being updated.","%1 ta element(lar) hozir yangilanmoqda."
"Task ""%1"": ","""%1"" vazifasi: "
"%1 item(s) have been scheduled for update.","Yangilash uchun %1 yangilash rejalashtirilmoqda."
"%1 item(s) have been successfully updated.","%1 element(lar) muvaffaqiyatli yangilandi."
"%1 item(s) failed to update","%1 element(lar) yangilanmadi"
Details,Batafsil
"View Details","Batafsil ma'lumot"
Dismiss,"Rad etish"
"Pending, in queue...","Kutish, navbatda..."
"%1 items selected for mass update","Ommaviy yangilanish uchun tanlangan %1 ta element"
", %1 successfully updated",", %1 muvaffaqiyatli yangilandi"
", %1 failed to update",", %1 muvaffaqiyatli yangilanmadi"
"Something went wrong.","Nimadir noto'g'ri bajarildi."
"Action Log","Ro'yxatdan o'tish jurnali"
"Bulk Actions","Ommaviy operatsiyalar"
"Days Saved in Log","Kundalik arxivlar saqlandi"
"Description of Operation","Operatsiya tavsifi"
Summary,Xulosa
"Start Time","Boshlanish vaqti"
"Items to Retry","Qaytariladigan narsalar"
"To retry, select the items and click “Retry”.","Takrorlash uchun elementlarni tanlang va ""Qayta ishlating"" tugmasini bosing."
"Items That Can’t Be Updated.","Yangilanib bo'lmaydigan ma'lumotlar."
Status,Holat
"Meta Information","Meta ma'lumoti"
Error,Xato
"Dismiss All Completed Tasks","Barcha tugallangan vazifalarni yashirish"
"Action Details - #","Aktsiya detallari - #"
"Number of Records Affected","Ro'yxatdan o'tkazilgan yozuvlar soni"
"Something went wrong while compiling a list of allowed resources. You can find out more in the exceptions log.","Ruxsat etilgan resurslar ro'yxatini tuzayotganda, biror narsa noto'g'ri ketdi. Istisno jurnalida ko'proq ma'lumot olishingiz mumkin."
"You created the order.","Buyurtmani yaratdingiz."
"Order saving error: %1","Buyurtmani saqlash xatosi: %1"
"Please choose a payment method.","Iltimos, to'lov usulini tanlang."
"Credit Card: xxxx-%1","Kredit kartasi: xxxx-%1"
"amount %1","%1 miqdori"
failed.,xatolik.
successful.,muvaffaqiyatli.
"Authorize.Net Transaction ID %1.","Authorize.Net operatsiyalari ID %1."
authorize,avtorizatsiya
"authorize and capture","avtorizatsiyalash va ro'yxatga olish"
capture,"ro'yxatga olish"
refund,"qaytarib berish"
void,"bekor qilindi"
"Gateway error: %1","Gateway xatosi: %1"
"Something went wrong in the payment gateway.","To'lov daftarida xatolik yuz berdi."
"Invalid amount for capture.","Yozuv hajmi noto'g'ri."
"Payment capturing error.","To'lovni ro'yxatga olishda xatolik yuz berdi."
"Invalid transaction ID.","ID raqami noto'g'ri."
"Payment voiding error.","To'lovni bekor qilishda xatolik yuz berdi."
"Invalid amount for refund.","Qaytariladigan pul miqdori noto'g'ri."
"Payment refunding error.","To'lovni qaytarishda xatolik."
"The transaction was declined because the response hash validation failed.","Jarayon rad etildi, chunki hash tekshiruvi muvaffaqiyatsiz tugadi."
"There was a payment authorization error.","To'lovni tasdiqlashda xatolik yuz berdi."
"Please enter a transaction ID to authorize this payment.","Ushbu to'lovni tasdiqlash uchun tranzaksiyaga oid IDni kiriting."
"Transaction %1 has been approved. Amount %2. Transaction status is ""%3""","%1 bitim tasdiqlandi. Miqdori %2. Jurnal holati ""%3"""
"Transaction %1 has been voided/declined. Transaction status is ""%2"". Amount %3.","%1 tranzaktsiyasi bekor qilindi / rad etildi. Jurnal holati ""%2"" dir. Miqdori %3."
"Authorize Only","Faqat avtorizatsiya qiling"
"Authorize and Capture","Ruxsat berish va qabul qilish"
"Electronic payments save the trees.","Elektron to'lovlar daraxtlarni saqlaydi."
"Credit Card Type","Kredit kartasi turi"
"Please Select","Iltimos tanlang"
"Credit Card Number","Kredit karta raqami"
"Expiration Date","Amal qilish muddati"
"Card Verification Number","Karta tasdiqlash kodi"
"Fraud Detection ","Firibgarlikni aniqlash "
"FDS Filter Action","Filtrni bajarish FDS"
"AVS Response","AVS javob"
"Card Code Response","Karta kodi bo'yicha javob"
"CAVV Response","CAVV javob"
"Fraud Filters","Firibgarlik filtrlari"
"Place Order","Buyurtni joylashtirish"
"Sorry, but something went wrong. Please contact the seller.","Kechirasiz, xatolik yuz berdi. Sotuvchi bilan bog'laning."
"Authorize.net Direct Post","To'g'ridan-to'g'ri xabar Authorize.Net"
Enabled,Yoqish
"Payment Action","To'lov turi"
Title,Sarlavha
"API Login ID","API kirish identifikatori"
"Transaction Key","Jurnal kaliti"
"New Order Status","Yangi buyurtma holati"
"Test Mode","Sinov holati"
"Gateway URL","Gateway URL manzili"
"Transaction Details URL","Jurnal tafsilotlaridagi URL"
"Accepted Currency","Qabul qilingan valyuta"
Debug,"Xatolarni tuzatish"
"Email Customer","Mijozning email manzili"
"Merchant's Email","Sotuvchining email manzili"
"Credit Card Types","Kredit kartasi turlari"
"Credit Card Verification","Kredit kartalarini tekshirish"
"Payment from Applicable Countries","Qo'llaniladigan mamlakatlar to'lovi"
"Payment from Specific Countries","Muayyan mamlakatlardan to'lov"
"Minimum Order Total","Minimal buyurtma miqdori"
"Maximum Order Total","Maksimal Buyurtma miqdori"
"Sort Order","Saralash tartibi"
Environment,"Atrof muhit"
options,sozlamalar
"Select all","Hammasini belgilash"
"Deselect all","Barchasini tanlash"
"%s of %s selected","%s dan %s tanlandi"
"B2B Features","B2B Xususiyatlar"
"Invalid Form Key. Please refresh the page.","Kalit shakli yaroqsiz. Iltimos, sahifani yangilang."
"You entered an invalid Secret Key. Please refresh the page.","Siz noto'g'ri kalitni kiritdingiz. Iltimos, sahifani yangilang."
"Cache Storage Management","Kesh saqlash boshqaruvi"
"Flush Magento Cache","Magentoni keshini tozalang"
"The cache storage may contain additional data. Are you sure that you want to flush it?","Kesh xotirasida qo'shimcha ma'lumotlar bo'lishi mumkin. Uni tozalashni xohlayotganingizga ishonchingiz komilmi?"
"Flush Cache Storage","Keshni saqlash joyini tozalash"
Invalidated,Noto'g'ri
Orders,Buyurtmalar
Amounts,Miqdor
Bestsellers,"Eng ko'p sotilganlar"
"Most Viewed Products","Eng ko'p ko'rilgan mahsulotlar"
"New Customers","Yangi mijozlar"
Customer,Xaridor
Guest,Mehmon
Items,Mahsulotlar
Total,Jami
"Lifetime Sales","Jami savdo"
"Average Order","O'rtacha Buyurtma"
Average,O'rtacha
Views,Ko‘rishlar
Revenue,Daromad
Tax,Soliq
Shipping,"Yetkazib berish"
"Images (.gif, .jpg, .png)","Rasmlar (.gif, .jpg, .png)"
"All Files","Barcha fayllar"
"Reset to Default","Standart holatga qaytarish"
"All Store Views","Barcha do'konlarga tashriflar"
"What is this?","Bu nima?"
"Save Account","Profilni saqlash"
"My Account","Mening profilim"
"Account Information","Profil ma'lumotlari"
"User Name","Foydalanuvchi nomi"
"First Name",Ism
"Last Name",Familiya
"User Email","Foydalanuvchi email"
"New Password","Yangi Parol"
"Password Confirmation","Parolni tasdiqlash"
"Interface Locale","Interfeys tili"
"Current User Identity Verification","Joriy foydalanuvchi identifikatorini tasdiqlash"
"Your Password",Parolingiz
"Save Cache Settings","Keshni saqlash"
"Catalog Rewrites","Katalogni qayta nomlash"
Refresh,Yangilash
"Images Cache","Rasm keshi"
Clear,Tozalash
"Search Index","Qidiruv indeksi"
Rebuild,"Qayta qurish"
"Inventory Stock Status","Omborni inventarizatsiya qilish"
"Rebuild Catalog Index","Katalog indeksini qayta yarating"
"Rebuild Flat Catalog Category","Katalogni qayta yaratish"
"Rebuild Flat Catalog Product","Mahsulot katalogni qayta yaratish"
"Cache Control","Keshni boshqarish"
"All Cache","Barcha keshlar"
"No change",O'zgarishsiz
Disable,O'chirish
Enable,Yoqish
"Add Design Change","Dizaynni o'zgartiring"
Delete,O‘chirish
Save,Saqlash
"Edit Design Change","Dizaynni o'zgartirishni tahrirlash"
"New Store Design Change","Yangi do'kon dizayni o'zgarishi"
"General Settings","Umumiy sozlamalar"
"-- Please Select --","-- Iltimos tanlang --"
"Custom Design","Maxsus dizayn"
"Date From","Sanadan boshlab"
"Date To","Sana bo'yicha"
"Design Change","Dizayn o'zgarishi"
General,Asosiy
"Delete %1 '%2'","%1 '%2' o'chirib tashlash"
"Delete %1","%1 o'chirib tashlash"
"Block Information","Bloklash ma'lumoti"
"Backup Options","Zahira parametrlari"
"Create DB Backup","Ma'lumotlar bazasini zaxiralash"
"Delete Store","Do'konni o'chirish"
"Delete Web Site","Veb-saytni o'chirish"
"Save Web Site","Veb-saytni saqlash"
"Save Store","Do'konni saqlash"
"Save Store View","Do'konni ko'rinishini saqlash"
"Delete Store View","Do'konni ko'rinishini o'chirish"
"Edit Web Site","Veb-saytni tahrirlash"
"New Web Site","Yangi veb-sayt"
"Edit Store","Do'konni tahrirlash"
"New Store","Yangi do'kon"
"Edit Store View","Do'konni ko'rinishini tahrirlash"
"New Store View","Do'konning yangi ko'rinishi"
"Store Information","Do'kon haqida ma'lumot"
"Web Site",Veb-sayt
Name,Ism
Code,Kod
"Root Category","Asosiy kategoriya"
"Default Store View","Standart do'konni ko'rish"
"Store View Information","Savdo ma'lumotlarini ko'rish"
Disabled,O'chirish
"Web Site Information","Veb-sayt haqida ma'lumot"
"Default Store","Standart do'kon"
"Set as Default","Standart sifatida belgilash"
Stores,Do'konlar
"Create Website","Veb-sayt yaratish"
"Create Store","Do'kon yaratish"
"Create Store View","Do'kon ko'rinishini yaratish"
Home,"Bosh sahifa"
"Are you sure you want to do this?","Buni xohlayotganingizga aminmisiz?"
"Add New Image","Yangi rasm qo'shish"
"Export block for grid %1 is not defined","%1 panjara uchun blok eksporti aniqlanmadi"
"Reset Filter","Filtrni tiklash"
Search,Qidiruv
Any,"Har qanday"
"All Countries","Barcha mamlakatlar"
From,-dan
To,-ga
"Date selector","Sanani tanlang"
"[ deleted ]","[ o'chirilgan ]"
"Select All","Hammasini belgilash"
" [deleted]"," [o'chirilgan]"
"Add New","Yangisini qo'shish"
"Invalid export type supplied for grid export block","Blok uchun berilgan eksport turi noto'g'ri"
Export,Eksport
"Please correct the column format and try again.","Ustun formatini o'zgartiring va qaytadan urinib ko'ring."
Submit,Yuborish
"Unknown block type","Noma'lum blok turi"
"Please correct the tab configuration and try again. Tab Id should be not empty","Yorliq konfiguratsiyasini to'g'rilab, qaytadan urinib ko'ring. ID yorlig'i bo'sh bo'lmasligi kerak"
"Please correct the tab configuration and try again.","Yorliq konfiguratsiyasini to'g'rilab, qaytadan urinib ko'ring."
"You have logged out.","Siz tizimdan chiqdingiz."
"The image cache was cleaned.","Rasm keshi tozalangan."
"An error occurred while clearing the image cache.","Rasm keshini tozalashda xatolik yuz berdi."
"The JavaScript/CSS cache has been cleaned.","JavaScript / CSS keshlari tozalangan."
"An error occurred while clearing the JavaScript/CSS cache.","JavaScript / CSS keshini tozalashda xatolik yuz berdi."
"The static files cache has been cleaned.","Statik fayllar keshini tozalandi."
"You flushed the cache storage.","Siz keshni xotiradan o'chirib yubordingiz."
"The Magento cache storage has been flushed.","Magento kesh xotirasi o'chirildi."
"Cache Management","Keshlarni boshqarish"
"You can't change status of cache type(s) in production mode","Ishlab chiqarish rejimida kesh turini (statuslarini) o'zgartira olmaysiz"
"%1 cache type(s) disabled.","%1 kesh turi o'chirilgan."
"An error occurred while disabling cache.","Keshni o'chirishda xatolik yuz berdi."
"%1 cache type(s) enabled.","%1 kesh turi yoqildi."
"An error occurred while enabling cache.","Keshni yoqish paytida xatolik yuz berdi."
"%1 cache type(s) refreshed.","%1 kesh turi yangilandi."
"An error occurred while refreshing cache.","Keshni yangilanayotganda xatolik yuz berdi."
Dashboard,"Boshqaruv paneli"
"We updated lifetime statistic.","Biz barcha statistikani yangiladik."
"invalid request","noto'g'ri so'rov"
"see error log for details","tafsilotlar uchun xato jurnaliga qarang"
"Service unavailable: %1","Xizmat mavjud emas: %1"
"Access Denied.","Murojaat rad etildi."
"You need more permissions to do this.","Sizga ko'proq foydalanuvchi huquqlari kerak."
"No search modules were registered","Qidiruv modullari ro'yxatga olinmagan"
"Please make sure that all global admin search modules are installed and activated.","Barcha global boshqaruv ma`lumotlari modullarining o`rnatilganligi va faollashtirilganligiga ishonch hosil qiling."
"You saved the account.","Profilni saqladingiz."
"An error occurred while saving account.","Profilni saqlash vaqtida xatolik yuz berdi."
"You deleted the design change.","Siz dizayn o'zgarishini o'chirdingiz."
"You can't delete the design change.","Dizayn o'zgarishini o'chira olmaysiz."
"Store Design","Do'konning dizayni"
"Edit Store Design Change","Do'kon tarkibini o'zgartirish"
"You saved the design change.","Dizayn o'zgarishini saqladingiz."
System,Tizim
"Manage Stores","Do'konlarni boshqarish"
"The database was backed up.","Ma'lumotlar bazasining zaxira nusxasi yaratildi."
"Deleting a %1 will not delete the information associated with the %1 (e.g. categories, products, etc.), but the %1 will not be able to be restored. It is suggested that you create a database backup before deleting the %1.","%1 ni o'chirib tashlash, %1 bilan bog'liq ma'lumotlarni o'chirib tashlamaydi (masalan, toifalar, mahsulotlar, va boshqalar), lekin %1 tiklanmaydi. %1 silmasdan oldin ma'lumotlar bazasini zaxiralang."
"Something went wrong. Please try again.","Nimadir noto'g'ri bajarildi. Iltimos, yana bir bor urinib ko'ring."
"This store cannot be deleted.","Ushbu do'konni o'chirib bo'lmaydi."
"You deleted the store.","Siz do'konni o'chirdingiz."
"Unable to delete the store. Please try again later.","Do'konni o'chirib bo'lmadi. Iltimos keyinroq qayta urinib ko'ring."
"This store view cannot be deleted.","Ushbu do'kon ko'rinishi o'chirib bo'lmaydi."
"Store View","Do'konning ko'rinishi"
"You deleted the store view.","Siz do'kon ko'rinishini o'chirdingiz."
"Unable to delete the store view. Please try again later.","Do'kon ko'rinishini o'chirib bo'lmadi. Iltimos keyinroq qayta urinib ko'ring."
"This website cannot be deleted.","Ushbu veb-saytni o'chirib bo'lmaydi."
"You deleted the website.","Veb-saytni o'chirdingiz."
"Unable to delete the website. Please try again later.","Veb-saytni o'chirib bo'lmadi. Iltimos keyinroq qayta urinib ko'ring."
"The website does not exist.","Veb-sayt mavjud emas."
"Before modifying the website code please make sure it is not used in index.php.","Veb-sayt kodini o'zgartirishdan oldin, uni index.php-da ishlatilmayotganligiga ishonch hosil qiling."
"The store does not exist","Do'kon mavjud emas"
"Store view doesn't exist","Do'kon ko'rinishi mavjud emas"
"Before modifying the store view code please make sure it is not used in index.php.","Do'konning ko'rinish kodini o'zgartirishdan oldin, uni index.php-da ishlatmasligiga ishonch hosil qiling."
"New ","Yangi "
"All Stores","Barcha do'konlar"
"You saved the website.","Siz veb-saytni saqladingiz."
"The default store cannot be disabled","Standart do'kon o'chirib bo'lmaydi"
"You saved the store view.","Do'kon ko'rinishini saqladingiz."
"An inactive store view cannot be saved as default store view","Faol bo'lmagan do'kon ko'rinishi odatiy do'kon ko'rinishi sifatida saqlana olmaydi"
"You saved the store.","Siz do'konni saqladingiz."
"Something went wrong while saving. Please review the error log.","Saqlashda xatolik yuz berdi. Iltimos, xato jurnalini ko'rib chiqing."
"Authentication storage is incorrect.","Do'konni tekshirish noto'g'ri."
"Last 24 Hours","Oxirgi 24 soat"
"Last 7 Days","Oxirgi 7 kun"
"Current Month","Joriy oy"
Order,Buyurtma
"Order #%1","Buyurtma #%1"
"Sorry, you need permissions to view this content.","Kechirasiz, siz ushbu kontentni ko'rish uchun ruxsat olishingiz kerak."
"Next steps","Keyingi qadamlar"
"If you think this is an error, try signing out and signing in again.","Agar buni xato deb hisoblasangiz, chiqing va qayta ro'yxatdan o'tishga harakat qiling."
"Contact a system administrator or store owner to gain permissions.","Ruxsatlar olish uchun tizim ma'muri yoki do'kon egasiga murojaat qiling."
"previous page","oldingi sahifa"
"Welcome, please sign in","Xush kelibsiz, iltimos, tizimga kiring"
Username,"Foydalanuvchi nomi"
"user name","foydalanuvchi nomi"
Password,Parol
password,parol
"Sign in","Tizimga kirish"
"No Data Found","Ma'lumot topilmadi"
"Chart is disabled. To enable the chart, click <a href=""%1"">here</a>.","Grafik o'chirilgan. Grafikni yoqish uchun <a href=""%1""> bu yerda </a> bosing."
"Select Range:","Qator oralig'ini tanlang:"
"Last Orders","Oxirgi Buyurtma"
"Last Search Terms","So'nggi izlanishlar"
"There are no search keywords.","Hech qanday qidirish kalit so'zlari yo'q."
"View Statistics For:","Statistikani ko'rish uchun:"
"All Websites","Barcha veb-saytlar"
"Reload Data","Ma'lumotlarni qayta yuklash"
"Browse Files...","Fayllarni ko'rib chiqish..."
"Copyright &copy; %1 Magento Commerce Inc. All rights reserved.","Copyright &copy; %1 Magento Commerce Inc. Barcha huquqlar himoyalangan."
"Magento Admin Panel","Magento boshqaruv paneli"
"Account Setting","Hisobni sozlash"
"Customer View","Xaridor ko'rinishi"
"Sign Out",Chiqish
"About the calendar","Taqvim haqida"
"Go Today","Bugungi kunga borish"
Previous,Avvalgi
Next,Keyingi
Time,Vaqt
Hour,Soat
Minute,Daqiqa
"JavaScript may be disabled in your browser.","Brauzeringizda JavaScript o'chirib qo'yilgan bo'lishi mumkin."
"To use this website you must first enable JavaScript in your browser.","Ushbu veb-saytni ishlatish uchun brauzeringizda avval JavaScript-ni yoqishingiz kerak."
"This is only a demo store. You can browse and place orders, but nothing will be processed.","Bu demo do'koni. Ushbu saytda joylashtirilgan har qanday buyurtma ishlov berilmaydi yoki bajarilmaydi."
"Report an Issue","Muammo haqida xabar bering"
"Stores Configuration","Do'konlarni sozlash"
"Additional Cache Management","Qo'shimcha keshlarni boshqarish"
"Flush Catalog Images Cache","Rasm keshini tozalash"
"Pregenerated product images files","Oldindan tayyorlangan tovarlar tasvirlari"
"Flush JavaScript/CSS Cache","JavaScript / CSS keshini tozalash"
"Themes JavaScript and CSS files combined to one file","Templateni JavaScript va CSS fayllari bitta faylga birlashtiriladi"
"Flush Static Files Cache","Statik fayllar keshini o'chiring"
"Preprocessed view files and static files","Oldindan qayta ishlangan fayllar va statik fayllar"
Catalog,Katalog
"JavaScript/CSS Cache","JavaScript/CSS Keshi"
"No records found.","Hech qanday yozuv topilmadi."
Images,Rasmlar
"Big Image","Katta rasm"
Thumbnail,"Kichik rasm"
"Additional Settings","Qo'shimcha sozlamalar"
"records found","yozuvlar topildi"
selected,tanlangan
"per page","bir sahifa uchun"
"Previous page","Oldingi sahifa"
"of %1","%1 dan"
"Next page","Keyingi sahifa"
"Export to:","Quyidagiga eksport qilish:"
"Mass Actions","Ommaviy tadbirlar"
"Unselect All","Barchasini tanlash"
"Select Visible","Ko'rinishni tanlang"
"Unselect Visible","Tanlanganni olib tashlash"
"Changes have been made to this section that have not been saved.","Ushbu bo'limga saqlanmagan o'zgarishlar kiritildi."
"This tab contains invalid data. Please resolve this before saving.","Ushbu ichki oynada noto'g'ri ma'lumotlar mavjud. Saqlamasdan oldin buni hal qiling."
"The information in this tab has been changed.","Ushbu ichki oynadagi ma'lumot o'zgardi."
Loading...,Yuklanmoqda...
"User Agent Rules","User Agent qoidalari"
"We could not detect a size.","Biz hajmni aniqlay olmadik."
"Allow everything","Hammasiga ruxsat berish"
"Magento Admin","Magento administratori"
"Global Search","Global qidiruv"
"SEO & Search","SEO & qidirish"
"User Content","Foydalanuvchi tarkib"
Content,Kontent
Elements,Elementlar
Design,Dizayn
Schedule,Jadval
Settings,Sozlamalar
Attributes,Xususiyatlar
"Other Settings","Boshqa Sozlamalar"
"Data Transfer","Ma'lumot uzatish"
"Connect Manager","Ulanish menejeri"
"Package Extensions","Paket kengaytmalari"
Tools,Asboblar
Currency,Valyuta
Communications,Aloqa
Services,Xizmatlar
Advanced,Murakkab
"Disable Modules Output","Chiqish modullarini o'chirish"
"Store Email Addresses","Do'kon Email manzili"
"Custom Email 1","Maxsus Email 1"
"Sender Email","Yuboruvchi Email"
"Sender Name","Yuboruvchi nomi"
"Custom Email 2","Maxsus Email 2"
"General Contact","Bosh kontakt"
"Sales Representative","Savdo bo'yicha menejer"
"Customer Support","Mijozlarni qo'llab-quvvatlash"
Developer,Dasturchi
"Template Settings","Template sozlamalari"
"Allow Symlinks","URL larga ruxsat berish"
"Minify Html","HTMLni kichiklashtirish"
"Minification is not applied in developer mode.","Minifikatsiya dasturi ishlab chiquvchi rejimida qo'llanilmaydi."
"Translate Inline","Inline tarjima qiling"
"Enabled for Storefront","Frontend uchun yoqilgan"
"Enabled for Admin","Administrator uchun yoqilgan"
"Translate, blocks and other output caches should be disabled for both Storefront and Admin inline translations.","Tarjimalar, bloklar va boshqa chiqish keshlari ichki o'rnatilgan tarjimalarning old tomoni va administratori uchun o'chirib qo'yilishi kerak."
"JavaScript Settings","JavaScript sozlamalari"
"Merge JavaScript Files","JavaScript fayllarini birlashtirish"
"Enable JavaScript Bundling","JavaScript Bundling'ni yoqish"
"Minify JavaScript Files","JavaScript fayllarini kichraytirish"
"CSS Settings","CSS sozlamalari"
"Merge CSS Files","CSS fayllarini birlashtirish"
"Minify CSS Files","CSS fayllarini kichraytirish"
"Image Processing Settings","Rasmni qayta ishlash sozlamalari"
"Image Adapter","Rasm adapteri"
"Static Files Settings","Statik fayllar sozlamalari"
"Sign Static Files","Statik fayllarni imzolash"
"Country Options","Davlat parametrlari"
"Allow Countries","Davlatlarga ruxsat berish"
"Default Country","Odatiy Davlat"
"European Union Countries","Evropa Ittifoqi mamlakatlari"
"Top destinations","Ommaviy joylar"
"Locale Options","Mahalliy parametrlar"
Timezone,"Vaqt zonasi"
Locale,Mahalliy
"First Day of Week","Haftaning birinchi kuni"
"Weekend Days","Hafta kunlari"
"Store Name","Do'kon nomi"
"Store Phone Number","Do'konning telefon raqami"
"Store Hours of Operation","Do'konning ish vaqti"
Country,Mamlakat
Region/State,Viloyat/Davlat
"ZIP/Postal Code","Pochta indeksi"
City,Shahar
"Street Address","Ko'cha manzili"
"Street Address Line 2","Ko'cha manzili yo'nalishi 2"
"VAT Number","QQS raqami"
"Single-Store Mode","Bitta do'kon rejimi"
"Enable Single-Store Mode","Bitta do'kon rejimi yoqilsin"
"This setting will not be taken into account if system has more than one store view.","Tizimda bir nechta do'kon ko'rinishi bo'lsa, ushbu parametr hisobga olinmaydi."
"Mail Sending Settings","Pochta yuborish sozlamalari"
"Disable Email Communications","Email aloqalarini o'chirib qo'yish"
Host,Xost
"Set Return-Path","Qaytish yo'lini belgilash"
"Return-Path Email","Orqaga qaytish yo'li"
"Admin User Emails","Administratorning elektron pochtalari"
"Forgot Password Email Template","E-mail shablonni parolni unutdingizmi"
"Email template chosen based on theme fallback when ""Default"" option is selected.","E-mail shabloni ""Standart"" parametrini tanlashda zahira parametrlari mavzusiga asoslangan holda tanlanadi."
"Forgot and Reset Email Sender","Elektron pochta jo'natuvchini unutib qo'ymang"
"Startup Page","Bosh sahifa"
"Use Custom Admin URL","Maxsus administrator URL-dan foydalaning"
"Custom Admin URL","Maxsus administrator URL manzili"
"Make sure that base URL ends with '/' (slash), e.g. http://yourdomain/magento/","Base URL ning ""/"" (oldinga slash) bilan tugaganligiga ishonch hosil qiling, masalan: http://yourdomain/magento/"
"Use Custom Admin Path","Maxsus boshqaruv usuli yordamida"
"Custom Admin Path","Maxsus boshqarish usuli"
"You will have to sign in after you save your custom admin path.","Maxsus administratoringiz yo'lini saqlaganingizdan so'ng tizimga kirishingiz kerak."
Security,Xavfsizlik
"Recovery Link Expiration Period (hours)","Qulaylik aloqasining amal qilish muddati (soat)"
"Please enter a number 1 or greater in this field.","Iltimos, 1 yoki undan ortiq raqamni kiriting."
"Add Secret Key to URLs","URL manzillari uchun maxfiy kalitni qo'shing"
"Login is Case Sensitive","Login katta ahamiyatga ega"
"Admin Session Lifetime (seconds)","Admin seansining ishlash muddati (sekundlarda)"
"Please enter at least 60 and at most 31536000 (one year).","Kamida 60 va kamida 31536000 (bir yil) ni ko'rsating."
"Enable Charts","Grafiklarni yoqish"
"Url Options","Url parametrlari"
"Add Store Code to Urls","Do'kon kodini URLlarga qo'shish"
"Auto-redirect to Base URL","Asosiy URL-ga avtomatik yo'naltirish"
"Search Engine Optimization","Qidiruv mexanizmi optimallashtirish"
"Use Web Server Rewrites","Veb-serverni qayta tiklashni ishlatish"
"Specify URL or {{base_url}} placeholder.","URL manzili yoki {{base_url}} manzilini ko'rsating."
"Base URL for Static View Files","Statik fayllarni ko'rish uchun asosiy URL"
"May be empty or start with {{unsecure_base_url}} placeholder.","Bo'sh bo'lishi yoki {{unsecure_base_url}} dan boshlanishi mumkin."
"Base URL for User Media Files","Media fayllari foydalanuvchilari uchun tayanch URL"
"Base URLs (Secure)","Asosiy URL lar (Xavfsiz)"
"Secure Base URL","Xavfsiz asosiy URL"
"Specify URL or {{base_url}}, or {{unsecure_base_url}} placeholder.","{{base_url}} yoki {{unsecure_base_url}} ning URL manzilini belgilang."
"Secure Base Link URL","Xavfsiz bazaga havola URL"
"Secure Base URL for Static View Files","Statik fayllarni ko'rish uchun xavfsiz taglik URL manzil"
"May be empty or start with {{secure_base_url}}, or {{unsecure_base_url}} placeholder.","Bu bo'sh bo'lishi yoki {{secure_base_url}} yoki {{unsecure_base_url}} bilan boshlanishi mumkin."
"Secure Base URL for User Media Files","Foydalanuvchi Media fayllari uchun xavfsiz Baza URL"
"Use Secure URLs on Storefront","Frontenddagi Xavfsiz Baza URL-laridan foydalaning"
"Use Secure URLs in Admin","Administratordagi xavfsiz URL-lardan foydalaning"
"Enable HTTP Strict Transport Security (HSTS)","HTTP qattiq transport xavfsizligini yoqish (HSTS)"
"Upgrade Insecure Requests","Xavfli talablarni yangilash"
"Offloader header","Offloader sarlavhasi"
"Default Pages","Standart sahifalar"
"Default Web URL","Standart veb-manzili"
"Default No-route URL","Standart No-route URL"
"Session Validation Settings","Sessiya sozlamalarini sinab ko'ring"
"Validate REMOTE_ADDR","REMOTE_ADDR ni tekshirib ko'ring"
"Validate HTTP_VIA","HTTP_VIA ni tekshirib ko'ring"
"Validate HTTP_X_FORWARDED_FOR","HTTP_X_FORWARDED_FOR ni tekshirib ko'ring"
"Validate HTTP_USER_AGENT","HTTP_USER_AGENTni tekshirib ko'ring"
"Cache Type","Kesh turi"
Description,Ta'rif
Tags,Teglar
"<h1 class=""page-heading"">404 Error</h1><p>Page not found.</p>","<h1 class=""page-heading"">404 Xato</h1><p>Sahifa topilmadi.</p>"
"Default Theme","Standart Template"
"If no value is specified, the system default is used. The system default may be modified by third-party extensions.","Hech qanday qiymat ko'rsatilmagan bo'lsa, tizimning standart qiymati ishlatiladi. Tizimdagi sukut uchinchi tomon kengaytmalari tomonidan o'zgartirilishi mumkin."
"Applied Theme","Amaliy Template"
"Design Rule","Dizayn qoidalari"
"How many links to display at once.","Bir vaqtning o'zida bir nechta URL lar ko'rsatiladi."
"If current frame position does not cover utmost pages, it renders the link to current position plus/minus this value.","Agar hozirgi kvadrat pozitsiyasi barcha sahifalarga to'g'ri kelmasa, u joriy manzilga URL ko'rsatadi: ortiqcha / minus bu qiymat."
"Alternative text for the previous pages link in the pagination menu. If empty, the default arrow image is used.","Avvalgi sahifalar uchun muqobil matnlar reyting sahifasida havola qiladi. Bo'sh bo'lsa, standart ko'rsatgich ishlatiladi."
"Anchor Text for Previous","Avvalgi matnni bog'lash"
"Alternative text for the next pages link in the pagination menu. If empty, default arrow image is used.","Pagination menyusida keyingi sahifalar uchun muqobil matn. Agar bo'sh bo'lsa, standart ko'rsatgichdan foydalaniladi."
"Anchor Text for Next","Keyingi uchun matn joylashtiring"
"Theme Name","Template nomi"
"System Backup","Tizimni zaxiralash"
"Database and Media Backup","Ma'lumotlar bazasi va media zaxiralash"
"Database Backup","Ma'lumotlar bazasini zahiralash"
"The archive can be uncompressed with <a href=""%1"">%2</a> on Windows systems.","Arxiv Windows tizimlarida <a href=""%1"">%2</a> bilan siqilgan bo'lishi mumkin."
"You need more permissions to activate maintenance mode right now.","Hozirgi vaqtda texnik rejimni yoqish uchun qo'shimcha huquqlar talab qilinadi."
"To create the backup, please deselect ""Put store into maintenance mode"" or update your permissions.","Zahira nusxasini yaratish uchun ""Do'konda xizmat ko'rsatish rejimida"" variantini o'chiring yoki o'z huquqlaringizni yangilang."
"Something went wrong while putting your store into maintenance mode.","Do'konni texnik rejimga o'tkazishda muammo yuz berdi."
"You need more free space to create a backup.","Zahiraga ega bo'lish uchun ko'proq bo'sh joy kerak."
"You need more permissions to create a backup.","Zahiraga ega bo'lish uchun qo'shimcha huquqlar talab qilinadi."
Backups,Zaxiralashlar
Backup,Zaxiralash
failed,xatolik
successful,muvaffaqiyatli
"You deleted the selected backup(s).","Tanlangan zahirani (lar) o'chirdingiz."
"Please correct the password.","Iltimos, parolni to'g'rilang."
"To complete the rollback, please deselect ""Put store into maintenance mode"" or update your permissions.","Orqaga qaytish jarayonini yakunlash uchun ""Do'konni ta'mirlash rejimiga qo'ying"" bandini bekor qiling yoki huquqlarni yangilang."
"Failed to validate FTP.","FTPni tekshirib bo'lmadi."
"You need more permissions to perform a rollback.","Qaytish jarayonini amalga oshirish uchun qo'shimcha huquqlar talab qilinadi."
"Failed to rollback.","Orqaga olish amalga oshmadi."
Database,"Ma'lumotlar bazasi"
"Database and Media","Ma'lumotlar bazasi va media fayllari"
"System (excluding Media)","Tizim (Mediadan tashqari)"
"You created the system backup.","Siz tizim zahirasini yaratdingiz."
"You created the system backup (excluding media).","Siz tizim zahirasini yaratdingiz (mediadan tashqari)."
"You created the database and media backup.","Ma'lumotlar bazasini va media zahirasini yaratdingiz."
"You created the database backup.","Siz ma'lumotlar bazasining zaxira nusxasini yaratdingiz."
"Please correct the order of creation for a new backup.","Iltimos, yangi zaxira yaratish tartibini to'g'rilang."
"The backup file does not exist.","Zaxira fayl mavjud emas."
"The backup file path was not specified.","Zaxira faylining yo'li aniqlanmadi."
"The backup file ""%1"" does not exist.","""%1"" zaxira fayli mavjud emas."
"Sorry, but we cannot read from or write to backup file ""%1"".","Kechirasiz, lekin biz ""%1"" zaxira faylini o'qiy olmaymiz yoki yozolmaymiz."
"The backup file handler was unspecified.","Zahiralangan fayllar yo'li ko'rsatilmagan."
"Something went wrong while writing to the backup file ""%1"".","""%1"" zaxira faylida xatolik yuz berdi."
"You will lose any data created since the backup was made, including admin users, customers and orders.","Zaxira qilingan vaqtdan so'ng yaratilgan ma'lumotlar, jumladan, administrator foydalanuvchilar, mijozlar va buyurtmalarni yo'qotasiz."
"Are you sure you want to continue?","Davom etishni xohlaysizmi?"
"This may take a few moments.","Bu bir necha daqiqa vaqt olishi mumkin."
"Be sure your store is in maintenance mode during backup.","Do'kon zaxiralash paytida xizmat ko'rsatish rejimida ekanligiga ishonch hosil qiling."
"Backup Name","Zaxiralash nomi"
"Please use only letters (a-z or A-Z), numbers (0-9) or spaces in this field.","Iltimos, faqat ushbu harflardan foydalaning (a-z yoki A-Z), raqamlar (0-9) yoki probeldan."
"Maintenance mode","Xizmat holati"
"Please put your store into maintenance mode during backup.","Zaxira paytida do'koningizni texnik rejimga o'tkazing."
Exclude,Istisno
"Exclude media folder from backup","Media papkasini zahiradan chiqarib tashlang"
"Please enter the password to confirm rollback.","Qaytarilishni tasdiqlash uchun parolni kiriting."
"This action cannot be undone.","Ushbu amalni bekor qilish mumkin emas."
"User Password","Foydalanuvchi paroli"
"Please put your store into maintenance mode during rollback processing.","Qaytarish jarayonida do'koningizni texnik rejimga o'tkazing."
"Use FTP Connection","FTP ulanishidan foydalaning"
"FTP credentials","FTP sozlamalari"
"FTP Host","FTP server"
"FTP Password","FTP Paroli"
"Magento root directory","Magentoning asosiy katalogi"
"Create Backup","Zahira nusxasini yarating"
Rollback,"Orqaga qaytish"
"Enable Scheduled Backup","Jadvaldagi zaxirani yoqish"
Frequency,Muntazamlik
"Maintenance Mode","Xizmat rejimi"
"Are you sure you want to delete the selected backup(s)?","Siz tanlagan zahira(lar) ni o'chirmoqchimisiz?"
Size(bytes),"Hajmi (bytes)"
Type,Turi
Download,"Yuklab oling"
"Save and Continue Edit","Saqlang va tahrirlashni davom ettiring"
"Default Content","Standart kontent"
"No Default Content","Standart kontent yo'q"
"Store View Specific Content","Muayyan do'konni kontentni ko'rish"
"Use Default","Standart qiymatdan foydalaning"
"Related Promotions","Shu kabi aktsiyalar"
Rule,Qoida
"Start Date","Boshlanish vaqti"
"End Date","Tugash sanasi"
Active,Faol
Inactive,"Faol emas"
"Applies To",Qo'llaniladi
"Specify Types","Turlarni belgilang"
Position,Obyekt
"This rule no longer exists.","Bu qoida mavjud emas."
"You deleted %1 record(s).","Siz %1 yozuv(lar) ni o'chirdingiz."
"Please enter a name.","Iltimos, ismni kiriting."
"-- None --","-- Yo'q --"
"Content Area","Kontent maydoni"
Footer,"Pastki qism"
"Left Column","Chap ustun"
"Right Column","O'ng ustun"
"Rotation Mode","Qaytish tartibi"
"Display all instead of rotating","Aylanadigan o'rniga barchasini ko'rsatish"
"One at the time, Random","Ulardan biri, tasodifiy"
"One at the time, Series","Ulardan biri, Seriya"
"One at the time, Shuffle","Ulardan biri, Shuffle"
Visibility,Ko'rinishi
"All Segments","Barcha segmentlar"
"Customer Segment","Xaridor segmenti"
"Allowed Credit Card Types","Ruxsat berilgan kredit kartalari turlari"
"Add Rule","Qoida qo'shish"
"Braintree Settlement Report","Braintryning taxminiy hisoboti"
"Sorry, but something went wrong","Kechirasiz, lekin bir narsa noto'g'ri ketdi"
"No authorization transaction to proceed capture.","Yozishni davom ettirish uchun tranzaktsiyalarga ruxsat yo'q."
"Transaction is successful.","Jarayon muvaffaqiyatli."
"Braintree error response.","Braintree xato javob."
"Payment method nonce can't be retrieved.","Bir martalik to'lov usulini olish mumkin emas."
"Wrong transaction status","Jurnal holati noto'g'ri"
Authorize,"Ruxsat berish"
"Credit Card","Kredit karta"
ending,tugatish
expires,"amal qilish muddati"
"Please agree to all the terms and conditions before placing the order.","Buyurtmani joylashtirishdan oldin barcha talab va shartlarga rozilik bildiring."
"Transaction was failed.","Jarayon amalga oshmadi."
"Please, enter valid Credit Card Number","Iltimos, kredit karta raqamini to'g'ri kiriting"
"Please, enter valid Expiration Date","Iltimos, tegishli amal qilish muddatini kiriting"
"Please, enter valid Card Verification Number","Iltimos joriy kredit karta tasdiqlash raqamini kiriting"
"Are you sure you want to delete this PayPal account","Haqiqatan ham ushbu PayPal hisobini o'chirib tashlamoqchimisiz"
"PayPal Account","PayPal Profil"
"PayPal Logo","PayPal logotipi"
"Credit Card Information","Kredit kartasi ma'lumotlari"
"Save for later use.","Keyinchalik foydalanish uchun saqlash."
"This payment is not available","Ushbu to'lov mavjud emas"
"Please try again with another form of payment.","Boshqa to'lov shakli bilan qaytadan urinib ko'ring."
"Sorry, but something went wrong.","Kechirasiz, lekin bir narsa noto'g'ri ketdi."
"Payment ","To'lov "
"Transaction can only be voided if status is authorized, submitted_for_settlement, or - for PayPal - settlement_pending.","Jurnalni faqat aholi yashash joylari uchun ruxsat berilgan taqdirda bekor qilish mumkin yoki - PayPal uchun hisob-kitob kutilmoqda."
"Credit transactions cannot be refunded.","Kredit bitimlarini qaytarib bo'lmaydi."
"Transaction has already been completely refunded.","Shartnoma allaqachon to'liq qaytarilgan."
"Payment instrument type is not accepted by this merchant account.","To'lov vositasi turi bu savdogar hisobiga qabul qilinmaydi."
"Refund amount is too large.","To'langan pul miqdori juda katta."
"Settlement amount is too large.","To'lov miqdori juda yuqori."
"Cannot refund a transaction with a suspended merchant account.","Bloklangan savdogar hisobiga bitimni qaytarib bo'lmaydi."
"Merchant account does not support refunds.","Savdogar hisob qaydnomasi qaytarib berilmaydi."
"Cannot refund a transaction transaction in settling status on this merchant account. Try again after the transaction has settled.","Ushbu savdo hisobidagi holatni aniqlashda tranzaktsiyalarni qaytarib bera olmaysiz. Jarayon tugaganidan keyin yana urinib ko'ring."
"PayPal is not enabled for your merchant account.","Hisobingiz uchun PayPal yoqilmagan."
"Partial settlements are not supported by this processor.","Qisman hisob-kitoblar ushbu protsessor tomonidan qo'llab-quvvatlanmaydi."
"Cannot submit for partial settlement.","Qisman tartibga solish uchun topshirib bo'lmaydi."
"Transaction can not be voided if status of a PayPal partial settlement child transaction is settlement_pending.","Agar PayPalning qisman to'lovi bilan amalga oshirilgan bitim holati kutilayotgan deb hisoblansa, bitimni bekor qilish mumkin emas."
"Too many concurrent attempts to refund this transaction. Try again later.","Ushbu tranzaktsiyani qaytarish uchun bir vaqtning o'zida juda ko'p harakat qilindi. Keyinroq qayta urinib ko'ring."
"Too many concurrent attempts to void this transaction. Try again later.","Ushbu tranzaktsiyani bekor qilish uchun juda ko'p bir vaqtning o'zida urinishlar. Keyinroq qayta urinib ko'ring."
"Accept credit/debit cards and PayPal in your Magento store.<br/>No setup or monthly fees and your customers never leave your store to complete the purchase.","Magento do'konida kredit/debet kartalari va PayPalni qabul qiling.<br/>Hech qanday sozlash yoki oylik to'lovlar yo'q va mijozlar xaridni bajarish uchun do'kondan hech qachon chiqib ketishmaydi."
"Enable this Solution","Ushbu biznesni yoqing"
"Enable PayPal through Braintree","Braintree orqali PayPal'ni yoqing"
"Vault Enabled","Vault yoqildi"
"Basic Braintree Settings","Asosiy braintree sozlamalari"
"Merchant ID","Savdo identifikatori"
"Public Key","Umumiy kalit"
"Private Key","Yashirin kalit"
"Advanced Braintree Settings","Kengaytirilgan Braintree sozlamalari"
"Vault Title","Saqlash joyi nomi"
"Merchant Account ID","Savdo Profil ID"
"Advanced Fraud Protection","Qalloblikdan himoya qilishni yaxshilash"
"Kount Merchant ID","Sotuvchi ID"
"CVV Verification","CVV tekshiruvi"
"Country Specific Settings","Mamlakatga xos parametrlar"
"Country Specific Credit Card Types","Mamlakatga maxsus kredit kartalari turlari"
"PayPal through Braintree","Braintree orqali PayPal"
"Override Merchant Name","Savdo nomini qayta nomlash"
"Require Customer's Billing Address","Xaridorning to'lov manzili talab qilinadi"
"Allow to Edit Shipping Address Entered During Checkout on PayPal Side","PayPal orqali chiqish jarayonida kiritilgan yetkazib berish manzilini tahrirlashga ruxsat bering"
"Display on Shopping Cart","Savatda ko'rsatish"
"Skip Order Review","Buyurtmani ko'rib chiqish"
"3D Secure Verification Settings","3D Secure tasdiqlash sozlamalari"
"3D Secure Verification","3D Secure tekshirish"
"Threshold Amount","Eshik miqdori"
"Verify for Applicable Countries","Qo'llaniladigan mamlakatlar uchun tasdiqlang"
"Verify for Specific Countries","Muayyan mamlakatlar uchun tekshirish"
"Dynamic Descriptors","Dinamik identifikatorlar"
Phone,Telefon
"CVV must be 4 digits for American Express and 3 digits for other card types.","CVV American Express uchun 4 ta raqam va boshqa kartalar uchun 3 ta raqam bo'lishi kerak."
"Expiration year is invalid. It must be between 1975 and 2201.","Muddati o'tgan yil yaroqsiz. Bu 1975 yildan 2201 yilgacha bo'lishi kerak."
"CVV verification failed.","CVV tekshiruvi bajarilmadi."
"Postal code verification failed.","Pochta kodini tekshirib bo'lmadi."
"Credit card number is prohibited.","Kredit karta raqami taqiqlangan."
"Addresses must have at least one field filled in.","Manzillarda kamida bitta maydon to'ldirilgan bo'lishi kerak."
"US state codes must be two characters to meet PayPal Seller Protection requirements.","AQSh davlat kodlari PayPal sotuvchilarni himoya qilish talablariga javob beradigan ikkita belgi bo'lishi kerak."
"Incomplete PayPal account information.","To'liq PayPal hisob ma'lumotlari."
"Invalid PayPal account information.","PayPal hisob ma'lumotlari noto'g'ri."
"PayPal Accounts are not accepted by this merchant account.","Paypal hisoblari ushbu savdogar hisobiga qabul qilinmaydi."
"Billing address format is invalid.","To'lov manzili formati noto'g'ri."
"Country code is not accepted. Please contact the store administrator.","Mamlakat kodi qabul qilinmaydi. Iltimos, do'kon ma'muriga murojaat qiling."
"Provided country information is inconsistent.","Taqdim etilgan mamlakat haqidagi ma'lumot muvofiq emas."
"Customer has already reached the maximum of 50 addresses.","Xaridor 50 ta maksimal manzilga ega."
"Address is invalid. Please contact the store administrator.","Manzil noto'g'ri. Iltimos, do'kon ma'muriga murojaat qiling."
"Error communicating with PayPal.","PayPal bilan aloqa o'rnatishda xato."
"PayPal authentication expired.","PayPal autentifikatsiya muddati tugadi."
"Error executing PayPal order.","PayPal buyurtmasini bajarishda xatolik yuz berdi."
"Error executing PayPal billing agreement.","PayPal billing shartnomasini bajarishda xatolik yuz berdi."
"Apply filters in order to get results. Only first 100 records will be displayed in the grid, you will be able to download full version of the report in .csv format.","Natijalarni olish uchun filtrlarni qo'llang. Tizimda faqat birinchi 100 yozuvlar ko'rsatiladi, hisobotning to'liq versiyasini .csv formatida yuklab olishingiz mumkin."
Select...,Tanlang...
"Transaction Type","Jurnal turi"
"Payment Type","To'lov turi"
"PayPal Payment ID","PayPal to'lov ID"
"Created At",Yaratildi
"Transaction ID","Jurnal ID"
"Order ID","Buyurtma ID"
Amount,Miqdor
"Settlement Code","Kelishuv kodi"
"Settlement Response Text","Hisobga oid javob matn"
"Refund Ids","Qaytish identifikatorlari"
"Settlement Batch ID","Hisobga olish guruh identifikatori"
"* Required Fields","* To'ldirilishi majburiy joylar"
"Billing Address","To'lov manzili"
State/Province,"Mamlakat / Viloyat"
"Zip/Postal Code","Pochta indeksi"
"Is Default",Standart
"Paypal account","PayPal profili"
"Coinbase account","Coinbase profili"
"Europe bank account","Yevropa banki profili"
"Credit card","Kredit karta"
"Apple pay card","Apple to'lov kartasi"
"Android pay card","Android to'lov kartasi"
"Authorization expired","Avtorizatsiya muddati tugadi"
Authorizing,Avtorizatsiya
Authorized,Vakolatli
"Gateway rejected","Gateway rad etildi"
Failed,Xatolik
"Processor declined","Protsessor rad etildi"
Settled,Barqaror
Settling,Hal-qilish
"Submitted for settlement","Hal-qilish uchun yuborildi"
Voided,"Bekor qilindi"
Unrecognized,Taqiqlanmagan
"Settlement declined","Hisobga olish qisqardi"
"Settlement pending","Hisobga olishni kutishmoqda"
"Settlement confirmed","Xarid tasdiqlandi"
Sale,Sotish
Credit,Kredit
"Percent Discount","Foiz stavkasi"
"-- Select --","-- Tanlang --"
Dynamic,Dinamik
Fixed,"Ruxsat etilgan"
"Create New Option","Yangi variant yaratish"
"Add Products to Option","Variantlarga mahsulot qo'shish"
"Delete Option","Variantni o'chirish"
"What are you looking for?","Siz nimani izlayapsiz?"
"Use Default Value","Standart qiymatdan foydalaning"
"There is no defined renderer for ""%1"" option type.","""%1"" variant turi uchun maxsus hisobot berish usuli yo'q."
"Could not save child: ""%1""","Mahsulot saqlanmadi: ""%1"""
"Product with specified sku: ""%1"" does not contain option: ""%2""","Ko'rsatilgan skuga ega mahsulot: ""%1"" parametri mavjud emas: ""%2"""
"Child with specified sku: ""%1"" already assigned to product: ""%2""","Ko'rsatilgan skuga ega bo'lgan avlod: ""%1"" mahsulotiga allaqachon tayinlangan: ""%2"""
"Price Range","Narxlar oralig'i"
"As Low as","Juda kam"
Together,Birgalikda
Separately,Alohida
"Please specify product option(s).","Mahsulot parametrlarini kiriting."
"The options you selected are not available.","Siz tanlagan variantlar mavjud emas."
"The required options you selected are not available.","Siz tanlagan kerakli variantlar mavjud emas."
"Please select all required options.","Iltimos, barcha kerakli variantlarni tanlang."
Percent,Foiz
"We can't save custom-defined options for bundles with dynamic pricing.","Paket uchun maxsus parametrlarni dinamik narxlash bilan saqlab bo'lmaydi."
"Add Selected Products","Tanlangan mahsulotlarni qo'shing"
"Add Option","Parametr qo'shish"
"New Option","Yangi parametr"
"Option Title","Parametr nomi"
"Default Title","Standart nom"
"Store View Title","Do'kon ko'rinishi sarlavhasi"
"Input Type","Kirish turi"
Drop-down,"Ochiladigan ro'yxat"
"Radio Buttons","Radio tugmalari"
Checkbox,"Belgilar qutisi"
"Multiple Select","Ko'p tanlov"
Required,Majburiy
"Default Quantity","Standart miqdori"
"User Defined","Foydalanuvchi uchun belgilangan"
"Price Type","Narx turi"
Quantity:,Miqdor:
"Choose a selection...","Tanlovni tanlang..."
"Ship Bundle Items","Mahsulot paketini kiriting"
"There are no products in this option.","Ushbu versiyada hech qanday tovarlar yo'q."
Default,Standart
Ordered,"Buyurtma qilingan"
Invoiced,Xarajatlar
Shipped,Yuborildi
Refunded,Qaytarildi
Canceled,"Bekor qilindi"
"Regular Price","Muntazam narx"
"As low as","Juda kam"
"Buy %1 with %2 discount each","%1 ni %2 chegirma bilan sotib oling"
"Go back to product details","Mahsulot ma'lumotlariga qaytish"
"Customize and Add to Cart","Moslashtiring va savatga qo'shing"
"Your Customization","Sizning sozlamalaringiz"
Availability,Mavjudligi
"In stock","Omborda mavjud"
"Out of stock","Sotib bo'lingan"
Availability:,Mavjudligi:
"Customize %1","%1 moslashtiring"
"No options of this product are available.","Ushbu mahsulotning variantlari mavjud emas."
"Gift Message","Sovg'a xabarlari"
From:,Kimdan:
To:,Kimga:
Message:,Xabar:
"Product Name","Mahsulot nomi"
"Discount Amount","Chegirma miqdori"
"Row Total","Umumiy satrlar"
"Qty Invoiced","Qat'iy miqdori"
"Qty Shipped","Miqdor yuborildi"
"Add Products to New Option","Mahsulotlarni yangi variantga qo'shish"
"Add Products to Option ""%1""","""%1"" parametriga mahsulot qo'shish"
Always,"Har doim"
"After number of attempts to login","Bir necha marta ruxsat berishga urinishdan so'ng"
"Provided form does not exist","Taqdim etilgan shakl mavjud emas"
"Incorrect CAPTCHA","Noto'g'ri CAPTCHA"
"Incorrect CAPTCHA.","CAPTCHA noto'g'ri."
"The account is locked. Please wait and try again or contact %1.","Profil qulflangan. Iltimos, kuting va qaytadan urinib ko'ring yoki %1 bilan bog'laning."
"Please enter the letters and numbers from the image","Iltimos, rasmdagi harf va raqamlarni kiriting"
"<strong>Attention</strong>: Captcha is case sensitive.","<strong>Ogohlantirish</strong>: Captchani kirishda katta / kichik harflarga e'tibor bering."
"Reload captcha","Captcha-ni yangilash"
"Please type the letters and numbers below","Iltimos, quyidagi harflar va raqamlarni kiriting"
"Attention: Captcha is case sensitive.","Diqqat: Captchani kirishda katta va kichik harflarga e'tibor bering."
"Enable CAPTCHA in Admin","Administrator panelida CAPTCHA-ni yoqish"
Font,Shrift
Forms,Shakllar
"Displaying Mode","Tartibni ko'rsatish"
"Number of Unsuccessful Attempts to Login","Kirish uchun muvaffaqiyatsiz urinishlar soni"
"If 0 is specified, CAPTCHA on the Login form will be always available.","0 belgilansa, kirish shaklidagi CAPTCHA har doim mavjud bo'ladi."
"CAPTCHA Timeout (minutes)","CAPTCHA kutish vaqti (daqiqada)"
"Number of Symbols","Belgilar soni"
"Please specify 8 symbols at the most. Range allowed (e.g. 3-5)","Iltimos, 8 ta belgini kiriting. Range ruxsat etilgan (masalan, 3-5)"
"Symbols Used in CAPTCHA","CAPTCHAda ishlatiladigan belgilar"
"Please use only letters (a-z or A-Z) or numbers (0-9) in this field. No spaces or other characters are allowed.<br />Similar looking characters (e.g. ""i"", ""l"", ""1"") decrease chance of correct recognition by customer.","Ushbu maydonda faqat harflar (a-z yoki A-Z) yoki raqamlar (0-9) dan foydalaning. Bo'sh joylar yoki boshqa belgilarga ruxsat berilmaydi.<br/> Xuddi shunga o'xshash belgilar (masalan, ""i"", ""l"", ""1"") mijoz tomonidan to'g'ri aniqlash ehtimolligini kamaytiradi."
"Case Sensitive","Katta-kichik harfni farqlash"
"Enable CAPTCHA on Storefront","Frontend-da CAPTCHA-ni yoqish"
"CAPTCHA for ""Create user"" and ""Forgot password"" forms is always enabled if chosen.","""Foydalanuvchi yaratish"" va ""Parolni unutdingizmi"" shakllari uchun CAPTCHA har doim yoqilgan."
"Make sure the To Date is later than or the same as the From Date.","Kiritish sanasi Sana yoki undan keyingi vaqtga to'g'ri kelishiga ishonch hosil qiling."
"Please enter a number 0 or greater in this field.","Iltimos, ushbu sohada 0 yoki undan katta sonni kiriting."
"Please enter a valid number in this field.","Iltimos, ushbu sohada haqiqiy raqamni kiriting."
"The field isn't complete.","Maydon bo'sh."
"Shop By","Onlayn do'kon"
"Shopping Options","Xarid qilish imkoniyatlari"
"Remove This Item","Ushbu narsani o'chirish"
"Clear All","Hammasini tozalash"
"Please note that these settings apply to individual items in the cart, not to the entire cart.","Ushbu sozlamalar xarid qilish savatchasidagi har bir narsaga emas. Ayrim narsalarga qo'llaniladi."
"Store View:","Do'konning ko'rinishi:"
"Invalid method: %1","Noto'g'ri usul: %1"
"My Cart (1 item)","Mening savatcham (1 dona)"
"My Cart (%1 items)","Mening savatcham (%1 ta)"
"My Cart","Mening savatcham"
"For delivery questions.","Yetkazib berish bo'yicha savollar."
"Customer is already registered","Xaridor allaqachon ro'yxatdan o'tgan"
"Your session has expired","Sizning seansingiz muddati tugadi"
"A letter with further instructions will be sent to your email.","E-pochta manzilingizga qo'shimcha yo'riqnomalar bilan xat yuboriladi."
"We cannot configure the product.","Mahsulotni sozlab bo'lmaymiz."
"You used coupon code ""%1"".","Kupon kodini ""%1"" dan foydalangansiz."
"You canceled the coupon code.","Kupon kodini bekor qildingiz."
"We cannot apply the coupon code.","Kupon kodini qo'llashimiz mumkin emas."
"%1 was updated in your shopping cart.","Savatchada %1 yangilandi."
"One-page checkout is turned off.","Bitta sahifali to'lov yopiq."
"Guest checkout is disabled.","Mehmon uchun to'lov bekor qilindi."
Checkout,"Tekshirib ko'rmoq"
"Page not found.","Sahifa topilmadi."
"Something went wrong while processing your order. Please try again later.","Buyurtmani ko'rib chiqishda xatolik yuz berdi. Iltimos keyinroq qayta urinib ko'ring."
"Payment Method","To'lov uslubi"
"Payment Page","To'lov sahifasi"
"We found an invalid request for adding product to quote.","Biz mahsulotni taklif qilish uchun noto'g'ri so'rovni topdik."
"The product does not exist.","Mahsulot mavjud emas."
"We don't have some of the products you want.","Siz xohlagan mahsulot yo'q."
"We don't have as many of some products as you want.","Siz xohlagan ko'p mahsulotlar mavjud emas."
"Your order number is: %1.","Buyurtma raqamingiz: %1."
"Shipping Address","Yetkazish manzili"
"When you sign in to your account, you will be able to:","Hisobingizga kirganingizda quyidagilarni amalga oshirasiz:"
"This is a required field.","Bu majburiy maydon."
"Cron configuration options for group:","Cron guruhining konfiguratsiya imkoniyatlari:"
"Address Book","Manzillar kitobi"
"Please make sure your passwords match.","Iltimos parollaringiz bilan mos kelishiga ishonch hosil qiling."
"Minimum of different classes of characters in password is %1. Classes of characters: Lower Case, Upper Case, Digits, Special Characters.","Paroldagi eng kam belgilar soni - %1. Belgilar sinflari: kichik harflar, katta harflar, raqamlar, maxsus belgilar."
"Manage Addresses","Manzillarni boshqarish"
"Welcome to %store_name","%store_name ga xush kelibsiz"
"Welcome to %store_name.","%store_name ga xush kelibsiz."
"To sign in to our site, use these credentials during checkout or on the <a href=""%customer_url"">My Account</a> page:","Saytimizga kirish uchun to'lov vaqtida yoki <a href=""%customer_url"">Hisobim</a> sahifasida ushbu hisob qaydnomalaridan foydalaning:"
Password:,Parol:
"Password you set when creating account","Hisobni yaratishda siz o'rnatgan parol"
"Forgot your account password? Click <a href=""%reset_url"">here</a> to reset it.","Hisob parolini unutdingizmi? Uni tiklash uchun <a href=""%reset_url""> bu yerda </a> bosing."
"Proceed through checkout faster","Tezlashtirilgan tekshirishni amalga oshirish"
"Check the status of orders","Buyurtma holatini tekshiring"
"View past orders","Avvalgi buyurtmalarni ko'rish"
"Order Status","Buyurtma holati"
"Please enter a valid email address.","Iltimos amaldagi email manzilingizni kiriting."
"Please specify the quantity of product(s).","Iltimos, mahsulot (lar) ning miqdorini ko'rsating."
"Payment method is not defined for instance purchase.","Sotib olishda to'lov usuli tanlanmagan."
"Shipping address is not defined for instance purchase.","Sotib olishda yetkazib berish manzili kiritilmagan."
"Billing address is not defined for instance purchase.","Sotib olishda to'lov manzili kirilmagan."
"Shipping method is not defined for instance purchase.","Sotib olishda yetkazib berish usuli tanlanmagan."
"Specified payment method is not available now.","Belgilangan to'lov usuli hozircha mavjud emas."
"Specified shipping method is not available.","Belgilangan yetkazib berish usuli hozircha mavjud emas."
"Appropriate shipping method is not available.","O'xshash etkazib berish usuli mavjud emas."
"Cheapest price","Eng arzon narxlar"
"Instant purchase integration not available for token.","To'g'ridan-to'g'ri sotib olish integratsiyasi uchun token mavjud emas."
"Instant Purchase","Tezkor xarid"
"Instant Purchase Confirmation","Tezkor xaridni tasdiqlang"
"Are you sure you want to place order and pay?","Siz buyurtma berishni istaysizmi?"
"Shipping Method","Yetkazib berish turi"
"Button Text","Matn tugmasi"
"Now Shopping by","Hoziroq xarid qilish"
"Please enter a valid credit card verification number.","Iltimos joriy kredit karta tasdiqlash raqamini kiriting."
"Please enter a valid credit card number.","Iltimos, kredit karta raqamini to'g'ri kiriting."
"Order History","Buyurtma tarixi"
"Credit memo for your %store_name order","Buyurtmaning %store_name uchun kredit eslatmasi"
"Thank you for your order from %store_name.","Buyurtma uchun rahmat hurmat bilan %store_name."
"You can check the status of your order by <a href=""%account_url"">logging into your account</a>.","Siz <a href=""%account_url"">Foydalanuvchi paneli</a>ga kirib, buyurtmangizning holatini tekshirishingiz mumkin."
"Your Credit Memo #%creditmemo_id for Order #%order_id","Kredit eslatmasi #%creditmemo_id Buyurtma uchun #%order_id"
"Billing Info","To'lov ma'lumoti"
"Update to your %store_name credit memo","%store_name kredit eslatmasini yangilang"
"Your order #%increment_id has been updated with a status of <strong>%order_status</strong>.","Buyurtmaning #%increment_id holati <strong>%order_status</strong> bilan yangilandi."
"Invoice for your %store_name order","%store_name buyurtmangiz uchun hisob"
"Your Invoice #%invoice_id for Order #%order_id","Sizning hisob-fakturangiz #%invoice_id buyurtma uchun #%order_id"
"Update to your %store_name invoice","%store_name hisobini yangilang"
"Your %store_name order confirmation","Buyurtmani tasdiqlash %store_name"
"Once your package ships we will send you a tracking number.","Sizning paketingiz yuborilgandan so'ng, biz sizga kuzatuv raqami yuboramiz."
"Your Order <span class=""no-link"">#%increment_id</span>","Sening buyurtmangiz <span class=""no-link"">#%increment_id</span>"
"Placed on <span class=""no-link"">%created_at</span>","Joylashgan <span class=""no-link"">%created_at</span>"
"Update to your %store_name order","Buyurtmani yangilang %store_name"
"Your %store_name order has shipped","%store_name buyurtmangiz yuborildi"
"Your shipping confirmation is below. Thank you again for your business.","Yuklash tafsilotlari quyida keltirilgan. Sotib olganingiz uchun tashakkur."
"Your Shipment #%shipment_id for Order #%order_id","Buyurtmangiz #%shipment_id uchun #%order_id"
"Update to your %store_name shipment","Buyurtmani %store_name yangilang"
"Your default logo will be used in PDF and HTML documents.<br />(jpeg, tiff, png) If your pdf image is distorted, try to use larger file-size image.","Sizning logotipingizda standart bo'yicha PDF va HTML hujjatlari qo'llaniladi. <br />(jpeg, tiff, png) Agar pdf formatidagi rasm buzilgan bo'lsa, katta rasmni ishlatib ko'ring."
"Logo for HTML documents only. If empty, default will be used.<br />(jpeg, gif, png)","Logo faqat HTML hujjatlar uchun. Bo'sh bo'lsa, standart qiymatdan foydalaniladi. <br />(jpeg, gif, png)"
more,ko'proq
Menu,Menyu
Account,"Boshqaruv paneli"
"Please enter {0} words or less.","Iltimos, {0} yoki undan kam so'zni kiriting."
"Please enter at least {0} words.","Iltimos, kamida {0} so'zni kiriting."
"Please enter between {0} and {1} words.","Iltimos, {0} va {1} so'zlarni kiriting."
"Letters or punctuation only please","Faqat harflar yoki tinish belgilaridan foydalaning"
"Letters, numbers, spaces or underscores only please","Iltimos, faqat harflar, raqamlar yoki pastki chiziqdan foydalaning"
"Letters only please","Faqat harflar, iltimos"
"No white space please","Iltimos, bo'sh joy qoldirman"
"Your ZIP-code must be in the range 902xx-xxxx to 905-xx-xxxx","Pochta kodingiz 902xx-xxxx va 905-xx-xxxx oralig'ida bo'lishi kerak"
"A positive or negative non-decimal number please","Iltimos ijobiy yoki salbiy bo'lmagan kasr sonlarini kiriting"
"The specified vehicle identification number (VIN) is invalid.","Belgilangan transport vositasining identifikatsiya raqami (VIN) yaroqsiz."
"Please enter a correct date","Iltimos sanani to'g'ri kiriting"
"Please enter a valid time, between 00:00 and 23:59","Iltimos 00:00 va 23:59 oralig'idagi vaqtni kiriting"
"Please enter a valid time, between 00:00 am and 12:00 pm","Iltimos 00:00 am va 12:00 pm oralig'idagi vaqtni kiriting"
"Please specify a valid phone number","Iltimos, telefon raqamini to'g'ri ko'rsating"
"Please specify a valid mobile number","Iltimos, telefon raqamini to'g'ri ko'rsating"
"Please enter at least {0} characters","Iltimos, kamida {0} belgini kiriting"
"Please enter a valid IP v4 address.","Iltimos IP v4 manzilini kiriting."
"Please enter a valid IP v6 address.","Iltimos IP v6 manzilini kiriting."
"Invalid format.","Format yaroqsiz."
"HTML tags are not allowed.","HTML teglariga ruxsat berilmaydi."
"Please select an option.","Iltimos, biron-bir variantni tanlang."
"Empty Value.","Bo'sh qiymat."
"Please use only letters (a-z or A-Z), numbers (0-9) or spaces only in this field.","Iltimos ushbu maydonda faqat (a-z yoki A-Z) harflari yoki (0-9) sonlarni ishlating."
"Please use only letters (a-z or A-Z), numbers (0-9) or underscore (_) in this field, and the first character should be a letter.","Iltimos, ushbu maydonda faqat harflar (a-z yoki A-Z), raqamlar (0-9) yoki pastki chiziq (_) dan foydalaning va birinchi belgi bir harf bo'lishi kerak."
"Please use only letters (a-z or A-Z), numbers (0-9), spaces and ""#"" in this field.","Faqatgina harflar (a-z yoki A-Z), raqamlar (0-9), bo'shliqlar va ""#""dan foydalaning."
"Please enter a valid phone number. For example (123) 456-7890 or 123-456-7890.","Telefon raqamini tog'ri kiriting. Masalan, +998 91 1234567 yoki 998971234567."
"Please enter a valid fax number (Ex: 123-456-7890).","Iltimos fax raqamini to'g'ri kiriting (masalan: 998711234567)."
"Please enter a valid email address (Ex: johndoe@domain.com).","Iltimos email manzilini to'g'ri kiriting (masalan: toshmat@mail.uz)."
"Please enter 6 or more characters. Leading and trailing spaces will be ignored.","6 yoki undan ortiq belgini kiriting. Bo'sh joylar (пробел) e'tiborga olinmaydi."
"Please enter 7 or more characters, using both numeric and alphabetic.","Raqamli va harflardan foydalanib, 7 yoki undan ortiq belgini kiriting."
"Minimum length of this field must be equal or greater than %1 symbols. Leading and trailing spaces will be ignored.","Ushbu maydonning minimal uzunligi %1 belgiga teng yoki undan katta bo'lishi kerak. Bo'sh joylar (пробел) e'tiborga olinmaydi."
"Please enter a valid URL. Protocol is required (http://, https:// or ftp://).","Iltimos, manzilni to'g'ri kiriting. (http: //, https: // yoki ftp: //) protokollar talab qilinadi."
"Please enter a valid URL. For example http://www.example.com or www.example.com.","Iltimos, manzilni to'g'ri kiriting. Masalan, http://www.example.com yoki www.example.com."
"Please enter a valid XML-identifier (Ex: something_1, block5, id-4).","Iltimos XML identifikatorini to'g'ri kiriting (Misol: something_1, block5, id-4)."
"Please enter a valid social security number (Ex: 123-45-6789).","Iltimos, tegishli ijtimoiy xavfsizlik raqamini kiriting (masalan, 123-45-6789)."
"Please enter a valid zip code (Ex: 90602 or 90602-1234).","Iltimos, pochta indeksini kiriting (Misol: 10021 yoki 90602-1234)."
"Please use this date format: dd/mm/yyyy. For example 17/03/2006 for the 17th of March, 2006.","Iltimos, sanani ushbu formatini kiriting: kun / oy / yil. Masalan, 17/03/2006 yil, 2006 yil 17 mart."
"Please enter a valid $ amount. For example $100.00.","Yaroqli $ miqdorini kiriting. Masalan, $ 100.00."
"Please enter a number greater than 0 in this field.","Iltimos, ushbu sohada 0dan katta raqamni kiriting."
"Please input a valid CSS-length (Ex: 100px, 77pt, 20em, .5ex or 50%).","Iltimos, tegishli CSS uzunligini kiriting (Misol: 100px, 77pt, 20em, .5ex yoki 50%)."
"The value is not within the specified range.","Qiymat belgilangan oraliqda emas."
"Please use letters only (a-z or A-Z) in this field.","Iltimos, ushbu sohada faqat harflardan foydalaning (a-z yoki A-Z)."
"Please use only letters (a-z or A-Z) or numbers (0-9) in this field. No spaces or other characters are allowed.","Iltimos, ushbu maydonda faqat harflardan foydalaning (a-z yoki A-Z) yoki raqamlar (0-9). Bo'sh joylar yoki boshqa belgilarga ruxsat berilmaydi."
"Please enter a valid date.","Iltimos, joriy kunni kiriting."
"Please enter a valid URL Key (Ex: ""example-page"", ""example-page.html"" or ""anotherlevel/example-page"").","Iltimos, haqiqiy URL kalitini kiriting (Misol: ""example-page"", ""example-page.html"" yoki ""ikkinchi darajali /example-page"")."
"Please enter a valid zip code.","Iltimos, pochta indeksi to'g'ri kiriting."
"Please select State/Province.","Iltimos, Davlat/Viloyatingizni tanlang."
"Please enter a value less than or equal to {0}.","Iltimos, {0} dan kam yoki teng qiymatni kiriting."
"Please enter a value greater than or equal to {0}.","Iltimos, {0} dan katta yoki teng qiymatni kiriting."
"Please enter valid email addresses, separated by commas. For example, johndoe@domain.com, johnsmith@domain.com.","Iltimos, amaldagi email manzillarini kiriting va vergul bilan ajratib qo'ying. (Masalan: toshmat@mail.uz, akmaljon@mail.uz)."
"Please enter issue number or start date for switch/solo card type.","Iltimos, kartichkani tasdiqlash uchun uning amal qilish muddatini kiriting."
"Please enter positive number in this field.","Iltimos, ushbu maydonga ijobiy raqamni kiriting."
"Please enter a valid value, ex: 10,20,30","Iltimos tegishli qiymatni kiriting, masalan: 10,20,30"
Other,Boshqa
"Quick Checkout","Tez to'lov"
"Store alternative addresses","Do'konning muqobil manzili"
"For shipping to multiple family members and friends","Ko'p oila a'zolariga va do'stlariga jo'natish uchun"
"If you have questions about your order, you can email us at <a href=""mailto:%store_email"">%store_email</a>.","Agar buyurtma bo'yicha savollaringiz bo'lsa, bizni elektron pochtamizga yuboring <a href=""mailto:%store_email"">%store_email</a>."
"Backup options","Zaxira imkoniyatlari"
Warning,Ogohlantirish
"Recent items","Oxirgi mahsulotlar"
"Show all...",Barchasi...
"Please enter a number greater 0 in this field.","Iltimos, ushbu qatorga 0dan katta raqamni kiriting."
"Please select one of each ratings above.","Yuqoridagi reytinglardan birini tanlang."
"Please specify Url.","Iltimos, Url manzilini ko'rsating."
"Method %s does not exist on jQuery.decorate","%s usuli jQuery.decorate da mavjud emas"
"Please wait...","Iltimos kuting..."
Translate,"Tarjima qiling"
"Please remove invalid characters: {0}.","Noto'g'ri belgilarni o'chirib tashlang: {0}."
"Please select one of the options above.","Iltimos, yuqoridagi variantlardan birini tanlang."
"Please select a file.","Iltimos, faylni tanlang."
"Please select one of the options.","Iltimos, variantlardan birini tanlang."
"Please enter a value less than or equal to %s.","Iltimos, %s dan kam yoki teng qiymatni kiriting."
"Please enter a value greater than or equal to %s.","Iltimos, %s dan katta yoki teng qiymatni kiriting."
"Card type does not match credit card number.","Karta turi kredit karta raqamiga mos kelmadi."
"Credit card number does not match credit card type.","Kredit karta raqami kredit kartasi turiga mos kelmadi."
"Incorrect credit card expiration date.","Kredit kartasining amal qilish muddati noto'g'ri."
"Please enter less or equal than %1 symbols.","Iltimos, %1 yoki undan kam belgilarni kiriting."
"Please enter more or equal than %1 symbols.","Iltimos, %1 belgilaridan ko'proq yoki teng kiriting."
"Please enter a valid value from list","Iltimos, ro'yxatdagi tegishli qiymatni kiriting"
"Please enter valid SKU key.","Iltimos, joriy SKU tugmachasini kiriting."
"Please enter a valid number.","Iltimos, to'g'ri raqamni kiriting."
"This is required field","To'ldirish shart emas"
"Please fix this field.","Iltimos, ushbu maydonni tuzating."
"Please enter a valid URL.","Iltimos, URL ni to'g'ri kiriting."
"Please enter a valid date (ISO).","Sanani to'g'ri kiriting (ISO)."
"Please enter only digits.","Iltimos, faqat raqamlarni kiriting."
"Please enter the same value again.","Xuddi shu qiymatni takrorlang."
"Please enter no more than {0} characters.","Iltimos, {0} dan ortiq belgini kiriting."
"Please enter at least {0} characters.","Iltimos, kamida {0} belgini kiriting."
"Please enter a value between {0} and {1} characters long.","Iltimos, {0} va {1} belgilar uzunligi o'rtasida qiymat kiriting."
"Please enter a value between {0} and {1}.","Iltimos, {0} va {1} o'rtasida qiymat kiriting."
"Please enter a date between %min and %max.","%min va %max orasidagi sanani belgilang."
"Please enter a valid full date.","Amaldagi to'liq sana kiriting."
"Please enter a valid month (1-12).","Iltimos, joriy oyni kiriting (1-12)."
"Please enter a valid year (1900-%1).","Iltimos, joriy yil kiriting (1900-%1)."
"Please enter a valid day (1-%1).","Iltimos, joriy kunni kiriting (1-%1)."
"Please enter a date from the past.","Iltimos, o'tgan vaqtni kiriting."
